사용월,호선명,역ID,지하철역,유임승차,유임하차,무임승차,무임하차,작업일시
2025-02,1호선,0150,서울역,"1,703,216","1,561,398","227,099","209,611",2025-03-03 16:39:12
2025-02,1호선,0151,시청,"601,471","603,581","125,047","122,390",2025-03-03 16:39:12
2025-02,1호선,0152,종각,"919,772","901,106","150,293","139,291",2025-03-03 16:39:12
2025-02,1호선,0153,종로3가,"443,812","402,718","272,104","247,589",2025-03-03 16:39:12
2025-02,1호선,0154,종로5가,"425,522","414,838","219,746","214,623",2025-03-03 16:39:12
2025-02,1호선,0155,동대문,"213,441","204,911","112,367","110,819",2025-03-03 16:39:12
2025-02,1호선,0156,신설동,"266,059","256,985","111,515","108,714",2025-03-03 16:39:12
2025-02,1호선,0157,제기동,"217,314","209,127","237,622","256,212",2025-03-03 16:39:12
2025-02,1호선,0158,청량리(서울시립대입구),"368,108","358,024","255,574","250,552",2025-03-03 16:39:12
2025-02,1호선,0159,동묘앞,"140,486","147,658","138,396","139,541",2025-03-03 16:39:12
2025-02,2호선,0201,시청,"648,860","608,186","66,644","57,920",2025-03-03 16:39:12
2025-02,2호선,0202,을지로입구,"1,221,506","1,262,965","102,106","94,062",2025-03-03 16:39:12
2025-02,2호선,0203,을지로3가,"607,150","602,714","70,006","68,741",2025-03-03 16:39:12
2025-02,2호선,0204,을지로4가,"309,507","307,426","68,622","67,593",2025-03-03 16:39:12
2025-02,2호선,0205,동대문역사문화공원(DDP),"339,043","388,722","54,789","59,390",2025-03-03 16:39:12
2025-02,2호선,0206,신당,"323,113","341,572","84,932","86,503",2025-03-03 16:39:12
2025-02,2호선,0207,상왕십리,"323,366","317,236","63,433","64,783",2025-03-03 16:39:12
2025-02,2호선,0208,왕십리(성동구청),"369,413","350,416","50,009","45,984",2025-03-03 16:39:12
2025-02,2호선,0209,한양대,"198,876","215,582","12,940","13,973",2025-03-03 16:39:12
2025-02,2호선,0210,뚝섬,"610,699","640,368","60,913","61,345",2025-03-03 16:39:12
2025-02,2호선,0211,성수,"1,210,177","1,304,449","94,065","94,967",2025-03-03 16:39:12
2025-02,2호선,0212,건대입구,"912,984","959,224","87,636","90,669",2025-03-03 16:39:12
2025-02,2호선,0213,구의(광진구청),"570,562","556,927","102,401","103,278",2025-03-03 16:39:12
2025-02,2호선,0214,강변(동서울터미널),"673,708","617,895","102,938","98,005",2025-03-03 16:39:12
2025-02,2호선,0215,잠실나루,"309,648","296,959","82,928","82,428",2025-03-03 16:39:12
2025-02,2호선,0216,잠실(송파구청),"2,015,482","1,977,725","198,485","191,296",2025-03-03 16:39:12
2025-02,2호선,0217,잠실새내,"536,105","525,738","107,178","106,898",2025-03-03 16:39:12
2025-02,2호선,0218,종합운동장,"168,882","183,872","43,180","44,813",2025-03-03 16:39:12
2025-02,2호선,0219,삼성(무역센터),"1,347,868","1,365,858","114,698","105,710",2025-03-03 16:39:12
2025-02,2호선,0220,선릉,"1,291,747","1,134,077","230,949","202,922",2025-03-03 16:39:12
2025-02,2호선,0221,역삼,"1,211,825","1,373,475","135,219","137,563",2025-03-03 16:39:12
2025-02,2호선,0222,강남,"2,110,548","2,084,397","154,053","135,566",2025-03-03 16:39:12
2025-02,2호선,0223,교대(법원.검찰청),"675,969","806,474","142,001","168,079",2025-03-03 16:39:12
2025-02,2호선,0224,서초,"514,621","501,153","83,642","83,705",2025-03-03 16:39:12
2025-02,2호선,0225,방배,"347,443","360,550","72,200","70,918",2025-03-03 16:39:12
2025-02,2호선,0226,사당,"956,100","1,055,767","205,179","193,096",2025-03-03 16:39:12
2025-02,2호선,0227,낙성대(강감찬),"638,863","614,139","104,251","105,549",2025-03-03 16:39:12
2025-02,2호선,0228,서울대입구(관악구청),"1,086,161","1,062,411","170,384","161,348",2025-03-03 16:39:12
2025-02,2호선,0229,봉천,"521,025","484,817","142,394","143,861",2025-03-03 16:39:12
2025-02,2호선,0230,신림,"1,320,945","1,291,542","185,498","185,778",2025-03-03 16:39:12
2025-02,2호선,0231,신대방,"557,499","529,947","120,331","121,062",2025-03-03 16:39:12
2025-02,2호선,0232,구로디지털단지,"1,358,874","1,342,581","193,309","192,881",2025-03-03 16:39:12
2025-02,2호선,0233,대림(구로구청),"528,956","535,092","126,890","130,566",2025-03-03 16:39:12
2025-02,2호선,0234,신도림,"1,195,425","1,156,749","222,774","210,677",2025-03-03 16:39:12
2025-02,2호선,0235,문래,"554,076","571,488","85,982","86,235",2025-03-03 16:39:12
2025-02,2호선,0236,영등포구청,"510,151","529,084","101,812","101,458",2025-03-03 16:39:12
2025-02,2호선,0237,당산,"440,216","500,716","55,860","60,102",2025-03-03 16:39:12
2025-02,2호선,0238,합정,"830,096","914,231","62,207","63,612",2025-03-03 16:39:12
2025-02,2호선,0239,홍대입구,"1,966,771","2,106,410","93,497","91,195",2025-03-03 16:39:12
2025-02,2호선,0240,신촌,"890,303","903,600","114,343","111,683",2025-03-03 16:39:12
2025-02,2호선,0241,이대,"364,928","397,887","46,337","49,574",2025-03-03 16:39:12
2025-02,2호선,0242,아현,"221,831","208,811","60,930","60,442",2025-03-03 16:39:12
2025-02,2호선,0243,충정로(경기대입구),"226,158","242,373","42,873","43,345",2025-03-03 16:39:12
2025-02,2호선,0244,용답,"59,546","58,178","17,065","16,873",2025-03-03 16:39:12
2025-02,2호선,0245,신답,"33,750","39,139","8,593","9,173",2025-03-03 16:39:12
2025-02,2호선,0246,신설동,"74,866","72,443","31,405","33,008",2025-03-03 16:39:12
2025-02,2호선,0247,도림천,"27,892","29,266","7,687","8,548",2025-03-03 16:39:12
2025-02,2호선,0248,양천구청,"132,800","141,862","50,500","51,238",2025-03-03 16:39:12
2025-02,2호선,0249,신정네거리,"207,110","215,011","68,418","70,343",2025-03-03 16:39:12
2025-02,2호선,0250,용두(동대문구청),"45,827","46,246","22,225","23,306",2025-03-03 16:39:12
2025-02,3호선,0309,지축,"169,493","170,404","34,225","33,229",2025-03-03 16:39:12
2025-02,3호선,0310,구파발,"463,394","449,631","123,075","118,576",2025-03-03 16:39:12
2025-02,3호선,0311,연신내,"736,382","704,229","236,416","230,766",2025-03-03 16:39:12
2025-02,3호선,0312,불광,"318,164","335,956","132,713","147,103",2025-03-03 16:39:12
2025-02,3호선,0313,녹번,"329,621","299,266","74,123","73,240",2025-03-03 16:39:12
2025-02,3호선,0314,홍제,"342,122","324,909","132,438","130,615",2025-03-03 16:39:12
2025-02,3호선,0315,무악재,"84,819","81,841","29,627","31,779",2025-03-03 16:39:12
2025-02,3호선,0316,독립문,"142,284","145,716","65,890","66,095",2025-03-03 16:39:12
2025-02,3호선,0317,경복궁(정부서울청사),"574,421","583,479","88,792","87,204",2025-03-03 16:39:12
2025-02,3호선,0318,안국,"633,099","646,188","115,110","124,307",2025-03-03 16:39:12
2025-02,3호선,0319,종로3가,"235,781","266,489","64,769","72,000",2025-03-03 16:39:12
2025-02,3호선,0320,을지로3가,"275,173","276,610","47,752","44,285",2025-03-03 16:39:12
2025-02,3호선,0321,충무로,91,0,1,0,2025-03-03 16:39:12
2025-02,3호선,0322,동대입구,"221,877","245,739","34,221","37,394",2025-03-03 16:39:12
2025-02,3호선,0323,약수,"263,913","259,135","75,327","69,388",2025-03-03 16:39:12
2025-02,3호선,0324,금호,"166,807","156,104","50,083","49,352",2025-03-03 16:39:12
2025-02,3호선,0325,옥수,"182,210","190,318","55,538","56,011",2025-03-03 16:39:12
2025-02,3호선,0326,압구정,"706,822","763,720","129,711","128,004",2025-03-03 16:39:12
2025-02,3호선,0327,신사,"699,860","734,647","65,240","62,995",2025-03-03 16:39:12
2025-02,3호선,0328,잠원,"105,079","100,248","30,628","29,461",2025-03-03 16:39:12
2025-02,3호선,0329,고속터미널,"1,195,069","1,138,088","206,986","193,331",2025-03-03 16:39:12
2025-02,3호선,0330,교대(법원.검찰청),"360,883","203,408","81,628","46,103",2025-03-03 16:39:12
2025-02,3호선,0331,남부터미널(예술의전당),"774,164","779,265","121,985","122,707",2025-03-03 16:39:12
2025-02,3호선,0332,양재(서초구청),"855,728","912,134","141,266","142,887",2025-03-03 16:39:12
2025-02,3호선,0333,매봉,"266,189","256,753","72,367","67,189",2025-03-03 16:39:12
2025-02,3호선,0334,도곡,"130,433","134,234","28,940","27,600",2025-03-03 16:39:12
2025-02,3호선,0335,대치,"293,397","283,301","67,180","65,627",2025-03-03 16:39:12
2025-02,3호선,0336,학여울,"54,775","56,990","15,903","15,609",2025-03-03 16:39:12
2025-02,3호선,0337,대청,"225,134","213,088","58,560","56,748",2025-03-03 16:39:12
2025-02,3호선,0338,일원,"224,164","216,710","64,981","64,985",2025-03-03 16:39:12
2025-02,3호선,0339,수서,"404,840","402,544","114,410","111,132",2025-03-03 16:39:12
2025-02,3호선,0340,가락시장,"171,687","168,624","73,181","70,287",2025-03-03 16:39:12
2025-02,3호선,0341,경찰병원,"158,498","158,304","43,855","45,673",2025-03-03 16:39:12
2025-02,3호선,0342,오금,"144,872","128,547","31,245","29,514",2025-03-03 16:39:12
2025-02,4호선,0409,당고개,"184,885","154,009","70,679","69,575",2025-03-03 16:39:12
2025-02,4호선,0410,상계,"401,363","371,671","122,442","120,271",2025-03-03 16:39:12
2025-02,4호선,0411,노원,"467,741","540,098","101,793","100,475",2025-03-03 16:39:12
2025-02,4호선,0412,창동,"518,345","549,619","210,004","217,105",2025-03-03 16:39:12
2025-02,4호선,0413,쌍문,"620,800","570,276","168,432","165,254",2025-03-03 16:39:12
2025-02,4호선,0414,수유(강북구청),"736,694","742,166","181,599","183,679",2025-03-03 16:39:12
2025-02,4호선,0415,미아(서울사이버대학),"305,681","289,226","110,027","112,405",2025-03-03 16:39:12
2025-02,4호선,0416,미아사거리,"540,025","534,240","172,480","173,297",2025-03-03 16:39:12
2025-02,4호선,0417,길음,"450,364","440,330","115,332","115,170",2025-03-03 16:39:12
2025-02,4호선,0418,성신여대입구(돈암),"496,991","487,936","86,335","85,984",2025-03-03 16:39:12
2025-02,4호선,0419,한성대입구(삼선교),"288,858","281,098","68,301","67,935",2025-03-03 16:39:12
2025-02,4호선,0420,혜화,"886,639","892,645","125,645","122,713",2025-03-03 16:39:12
2025-02,4호선,0421,동대문,"369,795","391,169","133,632","130,766",2025-03-03 16:39:12
2025-02,4호선,0422,동대문역사문화공원(DDP),"462,553","403,882","63,240","56,023",2025-03-03 16:39:12
2025-02,4호선,0423,충무로,"677,401","694,904","112,349","113,588",2025-03-03 16:39:12
2025-02,4호선,0424,명동,"841,094","885,612","73,922","74,825",2025-03-03 16:39:12
2025-02,4호선,0425,회현(남대문시장),"553,335","582,090","176,973","176,445",2025-03-03 16:39:12
2025-02,4호선,0426,서울역,"296,317","580,596","37,154","53,784",2025-03-03 16:39:12
2025-02,4호선,0427,숙대입구(갈월),"341,123","337,225","51,580","48,523",2025-03-03 16:39:12
2025-02,4호선,0428,삼각지,"162,615","189,699","21,892","23,360",2025-03-03 16:39:12
2025-02,4호선,0429,신용산,"524,806","567,349","53,687","54,482",2025-03-03 16:39:12
2025-02,4호선,0430,이촌(국립중앙박물관),"235,752","253,734","50,741","53,885",2025-03-03 16:39:12
2025-02,4호선,0431,동작(현충원),"29,187","31,038","10,980","11,044",2025-03-03 16:39:12
2025-02,4호선,0432,총신대입구(이수),"376,591","413,379","148,531","155,678",2025-03-03 16:39:12
2025-02,4호선,0433,사당,"612,388","544,827","91,487","98,621",2025-03-03 16:39:12
2025-02,4호선,0434,남태령,"29,528","24,008","7,614","7,125",2025-03-03 16:39:12
2025-02,경부선,1001,서울역,"277,262","106,684","15,133","4,624",2025-03-03 16:39:12
2025-02,경부선,1002,남영,"209,273","219,665","35,201","36,490",2025-03-03 16:39:12
2025-02,경부선,1003,용산,"1,084,689","1,086,979","123,518","122,375",2025-03-03 16:39:12
2025-02,경부선,1004,노량진,"190,422","198,801","39,773","37,874",2025-03-03 16:39:12
2025-02,경부선,1005,대방,"213,121","242,701","52,949","55,334",2025-03-03 16:39:12
2025-02,경부선,1006,영등포,"878,488","876,696","273,604","273,130",2025-03-03 16:39:12
2025-02,경부선,1007,신도림,"79,696","82,755","22,689","26,846",2025-03-03 16:39:12
2025-02,경부선,1032,신길,"185,865","165,392","42,016","39,671",2025-03-03 16:39:12
2025-02,경부선,1701,구로,"364,269","376,780","102,833","99,608",2025-03-03 16:39:12
2025-02,경부선,1702,가산디지털단지,"441,484","490,755","38,053","41,400",2025-03-03 16:39:12
2025-02,경부선,1703,금천구청,"209,572","215,248","74,574","76,100",2025-03-03 16:39:12
2025-02,경부선,1704,석수,"170,884","156,209","45,395","43,485",2025-03-03 16:39:12
2025-02,경부선,1705,관악,"136,433","131,460","51,259","50,295",2025-03-03 16:39:12
2025-02,경부선,1706,안양,"458,846","450,787","118,009","121,832",2025-03-03 16:39:12
2025-02,경부선,1707,명학,"173,854","170,983","41,212","39,995",2025-03-03 16:39:12
2025-02,경부선,1708,금정,"617,883","630,217","126,449","127,690",2025-03-03 16:39:12
2025-02,경부선,1709,군포,"145,895","144,553","35,815","35,215",2025-03-03 16:39:12
2025-02,경부선,1710,의왕,"194,075","192,390","40,892","40,264",2025-03-03 16:39:12
2025-02,경부선,1711,성균관대,"340,611","332,620","58,675","58,674",2025-03-03 16:39:12
2025-02,경부선,1712,화서,"271,462","263,299","47,117","45,505",2025-03-03 16:39:12
2025-02,경부선,1713,수원,"905,121","953,087","150,414","153,832",2025-03-03 16:39:12
2025-02,경부선,1714,독산,"374,337","380,821","63,642","65,463",2025-03-03 16:39:12
2025-02,경부선,1715,세류,"75,915","70,097","16,200","15,725",2025-03-03 16:39:12
2025-02,경부선,1716,병점,"329,346","328,272","66,387","65,920",2025-03-03 16:39:12
2025-02,경부선,1717,세마,"71,745","67,177","14,704","14,057",2025-03-03 16:39:12
2025-02,경부선,1718,오산대,"78,723","71,903","15,902","15,257",2025-03-03 16:39:12
2025-02,경부선,1719,오산,"228,929","227,667","47,786","47,981",2025-03-03 16:39:12
2025-02,경부선,1720,진위,"32,523","29,921","8,895","8,641",2025-03-03 16:39:12
2025-02,경부선,1721,송탄,"98,146","96,863","19,620","19,470",2025-03-03 16:39:12
2025-02,경부선,1722,서정리,"183,825","173,568","32,504","31,597",2025-03-03 16:39:12
2025-02,경부선,1723,평택지제,"103,119","97,555","13,198","12,865",2025-03-03 16:39:12
2025-02,경부선,1724,평택,"281,257","276,107","63,302","62,530",2025-03-03 16:39:12
2025-02,경부선,1725,성환,"79,503","77,740","19,185","18,715",2025-03-03 16:39:12
2025-02,경부선,1726,직산,"22,210","21,871","5,034","4,898",2025-03-03 16:39:12
2025-02,경부선,1727,두정,"155,698","158,225","26,860","27,491",2025-03-03 16:39:12
2025-02,경부선,1728,천안,"121,794","124,370","50,872","50,732",2025-03-03 16:39:12
2025-02,경부선,1729,당정,"126,103","118,891","31,128","29,706",2025-03-03 16:39:12
2025-02,경부선,1749,서동탄,"32,802","27,606","6,555","6,193",2025-03-03 16:39:12
2025-02,경부선,1750,광명,"95,543","78,827","11,630","11,072",2025-03-03 16:39:12
2025-02,경인선,1801,개봉,"414,437","412,436","157,188","163,298",2025-03-03 16:39:12
2025-02,경인선,1802,오류동,"211,373","199,077","86,304","84,545",2025-03-03 16:39:12
2025-02,경인선,1803,역곡,"519,198","515,571","146,935","151,289",2025-03-03 16:39:12
2025-02,경인선,1804,부천,"622,788","622,790","216,718","219,569",2025-03-03 16:39:12
2025-02,경인선,1805,송내,"553,929","539,992","127,131","124,709",2025-03-03 16:39:12
2025-02,경인선,1806,부평,"655,445","689,017","146,332","149,487",2025-03-03 16:39:12
2025-02,경인선,1807,백운,"131,617","125,954","56,342","56,240",2025-03-03 16:39:12
2025-02,경인선,1808,동암,"303,260","304,920","100,262","101,680",2025-03-03 16:39:12
2025-02,경인선,1809,주안,"393,311","350,884","92,235","83,028",2025-03-03 16:39:12
2025-02,경인선,1810,제물포,"199,562","188,322","62,684","61,688",2025-03-03 16:39:12
2025-02,경인선,1811,동인천,"243,064","230,170","104,235","104,702",2025-03-03 16:39:12
2025-02,경인선,1812,인천,"69,632","51,796","30,579","27,390",2025-03-03 16:39:12
2025-02,경인선,1813,구일,"120,211","120,064","41,173","40,656",2025-03-03 16:39:12
2025-02,경인선,1814,소사,"142,694","128,044","58,620","53,064",2025-03-03 16:39:12
2025-02,경인선,1815,부개,"157,976","144,553","65,623","64,296",2025-03-03 16:39:12
2025-02,경인선,1816,간석,"103,688","98,899","43,816","42,289",2025-03-03 16:39:12
2025-02,경인선,1817,도원,"48,312","47,028","27,106","27,809",2025-03-03 16:39:12
2025-02,경인선,1821,온수(성공회대입구),"111,158","104,540","47,798","46,710",2025-03-03 16:39:12
2025-02,경인선,1822,중동,"168,740","154,295","71,415","70,158",2025-03-03 16:39:12
2025-02,경인선,1823,도화,"67,655","60,771","37,753","36,140",2025-03-03 16:39:12
2025-02,경원선,1008,이촌(국립중앙박물관),"77,067","59,947","29,924","24,260",2025-03-03 16:39:12
2025-02,경원선,1009,서빙고,"40,602","38,865","17,464","16,999",2025-03-03 16:39:12
2025-02,경원선,1010,한남,"66,897","66,798","25,429","23,644",2025-03-03 16:39:12
2025-02,경원선,1011,옥수,"1,362",904,128,95,2025-03-03 16:39:12
2025-02,경원선,1012,응봉,"31,289","25,722","14,984","13,643",2025-03-03 16:39:12
2025-02,경원선,1013,왕십리(성동구청),"374,468","372,084","72,104","72,116",2025-03-03 16:39:12
2025-02,경원선,1014,청량리(서울시립대입구),"347,688","350,891","133,067","141,019",2025-03-03 16:39:12
2025-02,경원선,1016,외대앞,"186,879","182,754","43,584","43,284",2025-03-03 16:39:12
2025-02,경원선,1017,신이문,"153,279","141,554","61,427","60,674",2025-03-03 16:39:12
2025-02,경원선,1018,석계,"134,660","156,925","53,312","57,621",2025-03-03 16:39:12
2025-02,경원선,1019,광운대,"156,206","148,894","51,542","50,148",2025-03-03 16:39:12
2025-02,경원선,1020,월계,"109,419","99,582","55,958","53,764",2025-03-03 16:39:12
2025-02,경원선,1021,녹천,"80,103","65,724","33,360","29,973",2025-03-03 16:39:12
2025-02,경원선,1022,창동,84,0,7,0,2025-03-03 16:39:12
2025-02,경원선,1901,방학,"160,782","155,695","101,816","99,800",2025-03-03 16:39:12
2025-02,경원선,1902,도봉,"89,844","83,348","65,850","65,198",2025-03-03 16:39:12
2025-02,경원선,1903,도봉산,"112,333","59,260","94,856","72,591",2025-03-03 16:39:12
2025-02,경원선,1904,망월사,"128,253","130,881","68,789","70,279",2025-03-03 16:39:12
2025-02,경원선,1905,회룡,"204,968","199,496","142,537","141,600",2025-03-03 16:39:12
2025-02,경원선,1906,의정부,"406,430","413,707","114,335","114,607",2025-03-03 16:39:12
2025-02,경원선,1907,가능,"114,214","108,825","52,811","52,156",2025-03-03 16:39:12
2025-02,경원선,1908,녹양,"79,318","74,052","36,584","34,903",2025-03-03 16:39:12
2025-02,경원선,1909,양주,"140,102","134,071","50,871","48,808",2025-03-03 16:39:12
2025-02,경원선,1910,덕계,"124,640","113,367","33,671","32,297",2025-03-03 16:39:12
2025-02,경원선,1911,덕정,"119,591","112,398","32,787","32,835",2025-03-03 16:39:12
2025-02,경원선,1912,지행,"124,832","125,055","42,134","41,922",2025-03-03 16:39:12
2025-02,경원선,1913,동두천중앙,"45,081","43,113","30,975","30,580",2025-03-03 16:39:12
2025-02,경원선,1914,보산,"26,402","24,914","12,036","11,597",2025-03-03 16:39:12
2025-02,경원선,1915,동두천,"27,393","26,953","15,835","16,250",2025-03-03 16:39:12
2025-02,경원선,1916,소요산,"10,112","10,587","32,512","32,265",2025-03-03 16:39:12
2025-02,경원선,1917,청산,"2,130","1,445","1,810","1,521",2025-03-03 16:39:12
2025-02,경원선,1918,전곡,"22,561","19,731","10,533","9,448",2025-03-03 16:39:12
2025-02,경원선,1919,연천,"12,198","11,220","13,796","13,669",2025-03-03 16:39:12
2025-02,안산선,1751,산본,"338,539","364,250","103,447","105,291",2025-03-03 16:39:12
2025-02,안산선,1752,대야미,"101,617","88,625","30,274","28,338",2025-03-03 16:39:12
2025-02,안산선,1753,반월,"84,061","76,916","30,454","29,548",2025-03-03 16:39:12
2025-02,안산선,1754,상록수,"321,671","325,597","69,700","70,955",2025-03-03 16:39:12
2025-02,안산선,1755,한대앞,"191,383","191,223","43,299","44,373",2025-03-03 16:39:12
2025-02,안산선,1756,중앙,"436,028","460,858","68,768","68,254",2025-03-03 16:39:12
2025-02,안산선,1757,고잔,"199,875","192,254","36,326","34,835",2025-03-03 16:39:12
2025-02,안산선,1758,초지,"113,305","112,341","18,097","18,321",2025-03-03 16:39:12
2025-02,안산선,1759,안산,"283,146","261,610","37,872","36,168",2025-03-03 16:39:12
2025-02,안산선,1760,신길온천,"45,965","40,072","9,103","8,682",2025-03-03 16:39:12
2025-02,안산선,1761,정왕,"200,062","204,355","28,905","29,764",2025-03-03 16:39:12
2025-02,안산선,1762,오이도,"173,771","169,256","30,781","30,490",2025-03-03 16:39:12
2025-02,안산선,1763,수리산,"75,438","59,682","28,929","26,744",2025-03-03 16:39:12
2025-02,과천선,1450,선바위,"162,964","141,113","30,097","29,169",2025-03-03 16:39:12
2025-02,과천선,1451,경마공원,"65,744","66,254","60,076","60,021",2025-03-03 16:39:12
2025-02,과천선,1452,대공원,"52,451","53,918","25,348","26,437",2025-03-03 16:39:12
2025-02,과천선,1453,과천,"130,226","120,780","46,788","44,033",2025-03-03 16:39:12
2025-02,과천선,1454,정부과천청사,"286,013","306,987","56,297","57,006",2025-03-03 16:39:12
2025-02,과천선,1455,인덕원,"565,125","570,074","127,239","130,578",2025-03-03 16:39:12
2025-02,과천선,1456,평촌,"402,492","387,854","66,327","65,734",2025-03-03 16:39:12
2025-02,과천선,1457,범계,"649,599","645,985","119,741","117,068",2025-03-03 16:39:12
2025-02,분당선,1023,선릉,"285,625","439,039","46,846","63,323",2025-03-03 16:39:12
2025-02,분당선,1024,한티,"371,899","385,930","67,812","69,258",2025-03-03 16:39:12
2025-02,분당선,1025,도곡,"146,690","149,401","51,263","49,129",2025-03-03 16:39:12
2025-02,분당선,1026,구룡,"60,320","59,762","25,665","25,827",2025-03-03 16:39:12
2025-02,분당선,1027,개포동,"87,261","89,787","31,368","31,600",2025-03-03 16:39:12
2025-02,분당선,1028,대모산입구,"118,767","113,125","35,754","35,081",2025-03-03 16:39:12
2025-02,분당선,1030,수서,"396,676","412,877","72,148","76,870",2025-03-03 16:39:12
2025-02,분당선,1031,복정,118,0,1,0,2025-03-03 16:39:12
2025-02,분당선,1846,수원,"183,832","171,306","32,544","30,241",2025-03-03 16:39:12
2025-02,분당선,1847,서울숲,"292,747","301,213","28,460","27,625",2025-03-03 16:39:12
2025-02,분당선,1848,압구정로데오,"474,333","520,447","45,310","44,022",2025-03-03 16:39:12
2025-02,분당선,1849,강남구청,"216,740","251,601","38,215","41,294",2025-03-03 16:39:12
2025-02,분당선,1850,선정릉,"165,717","172,353","32,776","32,310",2025-03-03 16:39:12
2025-02,분당선,1851,가천대,"160,016","166,422","27,204","27,406",2025-03-03 16:39:12
2025-02,분당선,1852,태평,"261,332","244,633","88,779","93,660",2025-03-03 16:39:12
2025-02,분당선,1853,모란,"384,228","383,149","160,306","174,585",2025-03-03 16:39:12
2025-02,분당선,1854,야탑,"522,355","556,825","158,168","160,761",2025-03-03 16:39:12
2025-02,분당선,1855,서현,"527,518","540,740","122,944","119,749",2025-03-03 16:39:12
2025-02,분당선,1856,수내,"292,434","290,710","74,539","72,820",2025-03-03 16:39:12
2025-02,분당선,1857,정자,"428,359","448,043","69,202","68,328",2025-03-03 16:39:12
2025-02,분당선,1858,미금,"301,743","309,808","106,834","111,559",2025-03-03 16:39:12
2025-02,분당선,1859,오리,"227,581","193,534","69,133","61,520",2025-03-03 16:39:12
2025-02,분당선,1860,이매,"107,815","105,184","37,033","36,153",2025-03-03 16:39:12
2025-02,분당선,1861,보정,"45,927","40,520","19,018","18,071",2025-03-03 16:39:12
2025-02,분당선,1862,죽전,"272,988","309,247","71,318","76,488",2025-03-03 16:39:12
2025-02,분당선,1863,구성,"143,517","146,967","38,415","39,184",2025-03-03 16:39:12
2025-02,분당선,1864,신갈,"96,199","94,699","30,191","30,463",2025-03-03 16:39:12
2025-02,분당선,1865,기흥,"228,308","207,757","44,658","43,063",2025-03-03 16:39:12
2025-02,분당선,1866,상갈,"107,264","102,130","30,205","29,870",2025-03-03 16:39:12
2025-02,분당선,1867,청명,"98,697","94,853","21,674","21,698",2025-03-03 16:39:12
2025-02,분당선,1868,영통,"205,471","203,285","33,159","32,651",2025-03-03 16:39:12
2025-02,분당선,1869,망포,"353,564","342,402","42,628","41,361",2025-03-03 16:39:12
2025-02,분당선,1870,매탄권선,"115,698","111,909","23,980","23,065",2025-03-03 16:39:12
2025-02,분당선,1871,수원시청,"327,316","354,609","50,964","51,880",2025-03-03 16:39:12
2025-02,분당선,1872,매교,"105,534","105,435","25,888","26,269",2025-03-03 16:39:12
2025-02,일산선,1948,원흥,"238,096","226,680","62,384","60,346",2025-03-03 16:39:12
2025-02,일산선,1949,지축,29,0,2,0,2025-03-03 16:39:12
2025-02,일산선,1950,삼송,"427,796","408,687","91,943","91,697",2025-03-03 16:39:12
2025-02,일산선,1951,원당,"228,082","215,899","77,167","76,863",2025-03-03 16:39:12
2025-02,일산선,1952,화정,"350,278","366,380","120,836","123,311",2025-03-03 16:39:12
2025-02,일산선,1953,대곡,"208,801","185,480","23,940","22,787",2025-03-03 16:39:12
2025-02,일산선,1954,백석,"200,875","205,986","75,284","74,769",2025-03-03 16:39:12
2025-02,일산선,1955,마두,"149,440","150,585","66,873","67,861",2025-03-03 16:39:12
2025-02,일산선,1956,정발산,"148,059","152,730","55,597","52,257",2025-03-03 16:39:12
2025-02,일산선,1957,주엽,"167,373","165,651","100,683","103,629",2025-03-03 16:39:12
2025-02,일산선,1958,대화,"230,821","180,609","79,388","72,868",2025-03-03 16:39:12
2025-02,중앙선,1015,회기,"538,505","518,256","115,079","113,790",2025-03-03 16:39:12
2025-02,중앙선,1201,중랑,"99,435","94,390","45,532","45,700",2025-03-03 16:39:12
2025-02,중앙선,1202,상봉,"117,176","117,616","39,000","37,914",2025-03-03 16:39:12
2025-02,중앙선,1203,망우,"136,290","130,247","65,470","66,158",2025-03-03 16:39:12
2025-02,중앙선,1204,양원,"55,930","54,544","20,701","20,867",2025-03-03 16:39:12
2025-02,중앙선,1205,구리,"167,781","178,818","48,963","50,548",2025-03-03 16:39:12
2025-02,중앙선,1206,도농,"189,433","175,573","61,848","59,371",2025-03-03 16:39:12
2025-02,중앙선,1207,양정,"8,035","6,693","4,706","4,224",2025-03-03 16:39:12
2025-02,중앙선,1208,덕소,"100,058","99,547","42,746","43,675",2025-03-03 16:39:12
2025-02,중앙선,1209,도심,"46,648","35,115","17,830","16,131",2025-03-03 16:39:12
2025-02,중앙선,1210,팔당,"13,338","14,279","6,609","6,388",2025-03-03 16:39:12
2025-02,중앙선,1211,운길산,"8,831","7,873","8,163","8,336",2025-03-03 16:39:12
2025-02,중앙선,1212,양수,"28,385","27,847","19,626","19,398",2025-03-03 16:39:12
2025-02,중앙선,1213,신원,"2,046","1,811","5,501","5,238",2025-03-03 16:39:12
2025-02,중앙선,1214,국수,"8,659","8,666","7,927","8,116",2025-03-03 16:39:12
2025-02,중앙선,1215,아신,"7,852","7,839","5,360","5,196",2025-03-03 16:39:12
2025-02,중앙선,1216,오빈,"3,720","3,651","3,806","3,891",2025-03-03 16:39:12
2025-02,중앙선,1217,양평,"55,188","56,400","30,388","30,949",2025-03-03 16:39:12
2025-02,중앙선,1218,원덕,"3,608","3,452","4,707","4,477",2025-03-03 16:39:12
2025-02,중앙선,1219,용문,"25,009","25,567","26,722","26,792",2025-03-03 16:39:12
2025-02,중앙선,1220,지평,507,644,719,781,2025-03-03 16:39:12
2025-02,장항선,1401,봉명,"25,363","26,052","10,867","10,430",2025-03-03 16:39:12
2025-02,장항선,1402,쌍용(나사렛대),"47,907","45,692","14,049","13,351",2025-03-03 16:39:12
2025-02,장항선,1403,아산,"95,330","83,644","13,261","12,395",2025-03-03 16:39:12
2025-02,장항선,1404,탕정,"44,263","40,496","6,955","6,539",2025-03-03 16:39:12
2025-02,장항선,1405,배방,"28,768","28,201","6,644","6,455",2025-03-03 16:39:12
2025-02,장항선,1407,온양온천,"78,542","79,527","59,364","59,432",2025-03-03 16:39:12
2025-02,장항선,1408,신창(순천향대),"23,745","24,286","5,943","5,406",2025-03-03 16:39:12
2025-02,경의선,1252,신촌,"19,377","24,540","3,220","4,106",2025-03-03 16:39:12
2025-02,경의선,1261,효창공원앞,"66,220","77,187","14,964","16,662",2025-03-03 16:39:12
2025-02,경의선,1263,서강대,"44,761","43,819","10,798","9,980",2025-03-03 16:39:12
2025-02,경의선,1265,가좌,"111,272","108,766","43,100","43,329",2025-03-03 16:39:12
2025-02,경의선,1267,수색,"66,129","68,021","16,942","17,064",2025-03-03 16:39:12
2025-02,경의선,1268,한국항공대,"35,989","33,683","7,429","7,216",2025-03-03 16:39:12
2025-02,경의선,1269,강매,"66,350","55,508","17,648","16,528",2025-03-03 16:39:12
2025-02,경의선,1270,행신,"171,114","170,773","37,051","37,702",2025-03-03 16:39:12
2025-02,경의선,1271,능곡,"89,257","83,124","31,331","30,772",2025-03-03 16:39:12
2025-02,경의선,1272,곡산,"10,916","11,539","5,073","5,158",2025-03-03 16:39:12
2025-02,경의선,1273,백마,"153,735","150,592","37,512","37,362",2025-03-03 16:39:12
2025-02,경의선,1274,풍산,"130,006","121,648","39,027","38,163",2025-03-03 16:39:12
2025-02,경의선,1275,일산,"216,373","210,152","67,944","67,925",2025-03-03 16:39:12
2025-02,경의선,1276,탄현,"165,169","158,004","40,671","40,489",2025-03-03 16:39:12
2025-02,경의선,1277,야당,"176,458","181,408","38,591","37,955",2025-03-03 16:39:12
2025-02,경의선,1278,운정,"142,132","129,331","37,356","36,341",2025-03-03 16:39:12
2025-02,경의선,1279,금릉,"105,501","101,371","27,681","26,989",2025-03-03 16:39:12
2025-02,경의선,1280,금촌,"127,658","122,811","43,607","44,018",2025-03-03 16:39:12
2025-02,경의선,1282,월롱,"42,910","36,108","7,881","7,727",2025-03-03 16:39:12
2025-02,경의선,1283,파주,"23,387","18,537","6,394","5,621",2025-03-03 16:39:12
2025-02,경의선,1284,문산,"107,801","104,662","37,292","36,872",2025-03-03 16:39:12
2025-02,경의선,1285,임진강,278,220,177,153,2025-03-03 16:39:12
2025-02,경의선,1286,운천,31,15,115,94,2025-03-03 16:39:12
2025-02,경의선,1291,서울역,"70,230","94,214","15,295","17,952",2025-03-03 16:39:12
2025-02,경의선,1292,공덕,"96,504","74,299","14,881","13,855",2025-03-03 16:39:12
2025-02,경의선,1293,홍대입구,"57,104","69,963","5,128","5,456",2025-03-03 16:39:12
2025-02,경의선,1294,디지털미디어시티,"58,376","54,730","11,643","12,380",2025-03-03 16:39:12
2025-02,경의선,1295,김포공항,1,0,0,0,2025-03-03 16:39:12
2025-02,경의선,1296,계양,8,0,1,0,2025-03-03 16:39:12
2025-02,경의선,1297,검암,1,0,0,0,2025-03-03 16:39:12
2025-02,경춘선,1311,신내,"53,978","48,680","18,745","18,152",2025-03-03 16:39:12
2025-02,경춘선,1312,갈매,"51,656","45,222","19,460","18,394",2025-03-03 16:39:12
2025-02,경춘선,1313,별내,"44,997","39,898","18,131","15,875",2025-03-03 16:39:12
2025-02,경춘선,1314,퇴계원,"61,737","55,203","28,248","27,028",2025-03-03 16:39:12
2025-02,경춘선,1315,사릉,"38,240","37,025","14,744","14,543",2025-03-03 16:39:12
2025-02,경춘선,1316,금곡,"23,296","21,795","15,097","14,833",2025-03-03 16:39:12
2025-02,경춘선,1317,평내호평,"118,152","114,450","44,411","42,936",2025-03-03 16:39:12
2025-02,경춘선,1318,천마산,"23,055","20,794","16,052","16,315",2025-03-03 16:39:12
2025-02,경춘선,1319,마석,"66,461","64,716","33,841","33,292",2025-03-03 16:39:12
2025-02,경춘선,1320,대성리,"11,277","11,109","4,553","4,391",2025-03-03 16:39:12
2025-02,경춘선,1321,청평,"30,028","29,459","17,480","17,243",2025-03-03 16:39:12
2025-02,경춘선,1322,상천,"3,062","2,715","3,120","2,929",2025-03-03 16:39:12
2025-02,경춘선,1323,가평,"38,295","37,343","13,350","13,260",2025-03-03 16:39:12
2025-02,경춘선,1324,굴봉산,"1,613","2,308","1,297","1,324",2025-03-03 16:39:12
2025-02,경춘선,1325,백양리,"8,263","6,247","1,150","1,160",2025-03-03 16:39:12
2025-02,경춘선,1326,강촌,"6,924","6,742","4,251","4,145",2025-03-03 16:39:12
2025-02,경춘선,1327,김유정,"6,896","6,752","4,230","4,247",2025-03-03 16:39:12
2025-02,경춘선,1328,남춘천,"54,415","55,220","23,193","23,611",2025-03-03 16:39:12
2025-02,경춘선,1329,춘천,"24,536","21,809","13,155","11,457",2025-03-03 16:39:12
2025-02,수인선,1873,고색,"120,887","113,305","20,467","19,089",2025-03-03 16:39:12
2025-02,수인선,1874,오목천,"83,328","72,778","16,057","15,850",2025-03-03 16:39:12
2025-02,수인선,1875,어천,"32,241","29,633","7,730","8,298",2025-03-03 16:39:12
2025-02,수인선,1876,야목,"9,622","7,881","2,177","1,885",2025-03-03 16:39:12
2025-02,수인선,1877,사리,"111,060","94,596","19,974","18,287",2025-03-03 16:39:12
2025-02,수인선,1878,달월,"1,418","1,135",777,393,2025-03-03 16:39:12
2025-02,수인선,1879,월곶,"56,595","51,275","18,762","18,510",2025-03-03 16:39:12
2025-02,수인선,1880,소래포구,"83,929","77,335","39,967","38,899",2025-03-03 16:39:12
2025-02,수인선,1881,인천논현,"105,754","112,754","36,041","36,485",2025-03-03 16:39:12
2025-02,수인선,1882,호구포,"77,236","80,400","22,117","22,134",2025-03-03 16:39:12
2025-02,수인선,1883,남동인더스파크,"48,971","55,284","7,189","7,302",2025-03-03 16:39:12
2025-02,수인선,1884,원인재,"83,528","85,599","32,933","32,649",2025-03-03 16:39:12
2025-02,수인선,1885,연수,"89,935","89,223","31,436","31,738",2025-03-03 16:39:12
2025-02,수인선,1886,송도,"42,393","36,335","22,671","21,283",2025-03-03 16:39:12
2025-02,수인선,1888,인하대,"134,402","123,538","29,997","28,675",2025-03-03 16:39:12
2025-02,수인선,1889,숭의,"77,281","69,921","29,820","27,899",2025-03-03 16:39:12
2025-02,수인선,1890,신포,"31,644","31,773","14,428","14,599",2025-03-03 16:39:12
2025-02,수인선,1891,인천,"17,230","30,398","12,697","16,065",2025-03-03 16:39:12
2025-02,경강선,1501,판교,"138,968","136,138","19,703","16,369",2025-03-03 16:39:12
2025-02,경강선,1502,이매,"21,078","18,530","5,823","5,349",2025-03-03 16:39:12
2025-02,경강선,1503,삼동,"51,307","47,415","13,151","13,242",2025-03-03 16:39:12
2025-02,경강선,1504,경기광주,"174,477","165,497","31,858","32,270",2025-03-03 16:39:12
2025-02,경강선,1505,초월,"80,852","75,041","15,742","15,545",2025-03-03 16:39:12
2025-02,경강선,1506,곤지암,"49,063","46,067","13,051","12,734",2025-03-03 16:39:12
2025-02,경강선,1507,신둔도예촌,"30,727","28,857","8,078","7,713",2025-03-03 16:39:12
2025-02,경강선,1508,이천,"65,772","69,133","13,342","14,183",2025-03-03 16:39:12
2025-02,경강선,1509,부발,"55,458","54,172","9,307","9,125",2025-03-03 16:39:12
2025-02,경강선,1510,세종대왕릉,"5,289","5,191","3,434","3,325",2025-03-03 16:39:12
2025-02,경강선,1511,여주,"59,566","58,603","18,508","18,361",2025-03-03 16:39:12
2025-02,경강선,1512,성남,"25,652","21,504","6,111","6,600",2025-03-03 16:39:12
2025-02,서해선,1980,김포공항,"70,472","96,233","9,757","17,320",2025-03-03 16:39:12
2025-02,서해선,1981,원종,"91,883","91,968","39,566","40,694",2025-03-03 16:39:12
2025-02,서해선,1982,부천종합운동장,"67,263","57,041","8,565","6,948",2025-03-03 16:39:12
2025-02,5호선,2511,방화,"133,605","126,856","52,755","52,033",2025-03-03 16:39:12
2025-02,5호선,2512,개화산,"119,072","113,240","41,555","40,195",2025-03-03 16:39:12
2025-02,5호선,2513,김포공항,"298,072","176,482","49,194","38,915",2025-03-03 16:39:12
2025-02,5호선,2514,송정,"126,929","119,772","47,780","45,623",2025-03-03 16:39:12
2025-02,5호선,2515,마곡,"286,982","293,905","56,035","54,994",2025-03-03 16:39:12
2025-02,5호선,2516,발산,"526,224","544,181","108,988","105,075",2025-03-03 16:39:12
2025-02,5호선,2517,우장산,"297,796","296,430","95,296","99,952",2025-03-03 16:39:12
2025-02,5호선,2518,화곡,"621,721","579,200","145,632","139,868",2025-03-03 16:39:12
2025-02,5호선,2519,까치산,"597,283","570,347","150,116","152,013",2025-03-03 16:39:12
2025-02,5호선,2520,신정(은행정),"293,721","239,637","62,163","60,256",2025-03-03 16:39:12
2025-02,5호선,2521,목동,"363,529","393,703","81,123","83,387",2025-03-03 16:39:12
2025-02,5호선,2522,오목교(목동운동장앞),"500,471","527,230","87,808","86,481",2025-03-03 16:39:12
2025-02,5호선,2523,양평,"182,645","177,907","29,824","29,178",2025-03-03 16:39:12
2025-02,5호선,2524,영등포구청,"110,139","107,136","19,796","19,205",2025-03-03 16:39:12
2025-02,5호선,2525,영등포시장,"259,638","260,862","74,481","76,481",2025-03-03 16:39:12
2025-02,5호선,2526,신길,"119,187","126,446","12,421","12,511",2025-03-03 16:39:12
2025-02,5호선,2527,여의도,"733,289","768,343","55,031","51,120",2025-03-03 16:39:12
2025-02,5호선,2528,여의나루,"265,906","325,932","25,351","24,808",2025-03-03 16:39:12
2025-02,5호선,2529,마포,"333,117","341,708","62,278","61,961",2025-03-03 16:39:12
2025-02,5호선,2530,공덕,"339,569","362,227","49,010","46,963",2025-03-03 16:39:12
2025-02,5호선,2531,애오개,"135,741","135,263","37,743","36,675",2025-03-03 16:39:12
2025-02,5호선,2532,충정로(경기대입구),"115,482","117,323","16,007","16,082",2025-03-03 16:39:12
2025-02,5호선,2533,서대문,"451,423","459,189","71,277","67,788",2025-03-03 16:39:12
2025-02,5호선,2534,광화문(세종문화회관),"811,085","851,004","118,598","118,290",2025-03-03 16:39:12
2025-02,5호선,2535,종로3가,"329,316","329,205","93,397","94,160",2025-03-03 16:39:12
2025-02,5호선,2536,을지로4가,"131,765","132,569","39,120","37,965",2025-03-03 16:39:12
2025-02,5호선,2537,동대문역사문화공원(DDP),"77,440","87,895","8,852","9,709",2025-03-03 16:39:12
2025-02,5호선,2538,청구,"76,990","77,191","22,464","19,667",2025-03-03 16:39:12
2025-02,5호선,2539,신금호,"131,607","137,332","37,069","42,106",2025-03-03 16:39:12
2025-02,5호선,2540,행당,"167,591","150,412","49,147","44,562",2025-03-03 16:39:12
2025-02,5호선,2541,왕십리(성동구청),"103,074","122,859","25,214","25,083",2025-03-03 16:39:12
2025-02,5호선,2542,마장,"115,289","106,476","40,976","40,071",2025-03-03 16:39:12
2025-02,5호선,2543,답십리,"350,628","314,231","83,024","79,989",2025-03-03 16:39:12
2025-02,5호선,2544,장한평,"431,748","425,390","98,381","100,536",2025-03-03 16:39:12
2025-02,5호선,2545,군자(능동),"280,119","308,905","43,069","45,957",2025-03-03 16:39:12
2025-02,5호선,2546,아차산(어린이대공원후문),"298,072","292,696","100,369","98,052",2025-03-03 16:39:12
2025-02,5호선,2547,광나루(장신대),"240,429","228,147","63,643","63,256",2025-03-03 16:39:12
2025-02,5호선,2548,천호(풍납토성),"411,270","395,230","144,352","143,475",2025-03-03 16:39:12
2025-02,5호선,2549,강동,"401,889","391,968","110,278","107,733",2025-03-03 16:39:12
2025-02,5호선,2550,길동,"160,180","165,888","80,584","82,131",2025-03-03 16:39:12
2025-02,5호선,2551,굽은다리(강동구민회관앞),"195,659","188,240","81,541","76,246",2025-03-03 16:39:12
2025-02,5호선,2552,명일,"161,543","161,624","65,614","66,660",2025-03-03 16:39:12
2025-02,5호선,2553,고덕,"204,443","199,246","75,032","72,901",2025-03-03 16:39:12
2025-02,5호선,2554,상일동,"301,063","285,655","89,766","90,087",2025-03-03 16:39:12
2025-02,5호선,2555,둔촌동,"240,369","237,973","82,035","83,155",2025-03-03 16:39:12
2025-02,5호선,2556,올림픽공원(한국체대),"99,919","86,009","39,772","34,508",2025-03-03 16:39:12
2025-02,5호선,2557,방이,"156,206","161,280","50,281","50,208",2025-03-03 16:39:12
2025-02,5호선,2558,오금,"76,087","76,329","21,932","20,958",2025-03-03 16:39:12
2025-02,5호선,2559,개롱,"127,848","132,214","51,917","53,567",2025-03-03 16:39:12
2025-02,5호선,2560,거여,"201,797","196,280","66,676","64,900",2025-03-03 16:39:12
2025-02,5호선,2561,마천,"140,664","123,230","54,699","56,448",2025-03-03 16:39:12
2025-02,5호선,2562,강일,"118,546","108,940","43,732","42,097",2025-03-03 16:39:12
2025-02,5호선,2563,미사,"409,983","417,006","86,574","86,006",2025-03-03 16:39:12
2025-02,5호선,2564,하남풍산,"92,668","93,260","34,713","34,709",2025-03-03 16:39:12
2025-02,5호선,2565,하남시청(덕풍·신장),"158,643","146,186","76,679","77,186",2025-03-03 16:39:12
2025-02,5호선,2566,하남검단산,"129,970","122,316","52,649","51,938",2025-03-03 16:39:12
2025-02,6호선,2611,응암,"358,681","357,270","116,334","115,735",2025-03-03 16:39:12
2025-02,6호선,2612,역촌,"70,468","88,632","31,768","31,411",2025-03-03 16:39:12
2025-02,6호선,2613,불광,"90,362","87,647","40,726","32,754",2025-03-03 16:39:12
2025-02,6호선,2614,독바위,"54,619","53,535","19,121","23,351",2025-03-03 16:39:12
2025-02,6호선,2615,연신내,48,0,7,0,2025-03-03 16:39:12
2025-02,6호선,2616,구산,"169,501","117,554","51,876","53,835",2025-03-03 16:39:12
2025-02,6호선,2617,새절(신사),"248,439","228,690","83,715","84,421",2025-03-03 16:39:12
2025-02,6호선,2618,증산(명지대앞),"185,873","185,774","65,707","66,078",2025-03-03 16:39:12
2025-02,6호선,2619,디지털미디어시티,"330,916","361,704","56,424","57,557",2025-03-03 16:39:12
2025-02,6호선,2620,월드컵경기장(성산),"84,756","93,943","41,999","40,803",2025-03-03 16:39:12
2025-02,6호선,2621,마포구청,"314,643","287,236","76,124","70,099",2025-03-03 16:39:12
2025-02,6호선,2622,망원,"368,008","394,379","77,791","81,074",2025-03-03 16:39:12
2025-02,6호선,2623,합정,"344,621","340,055","38,777","35,001",2025-03-03 16:39:12
2025-02,6호선,2624,상수,"252,155","285,621","19,728","19,869",2025-03-03 16:39:12
2025-02,6호선,2625,광흥창(서강),"204,363","196,922","52,608","51,714",2025-03-03 16:39:12
2025-02,6호선,2626,대흥(서강대앞),"188,832","199,978","44,871","45,035",2025-03-03 16:39:12
2025-02,6호선,2627,공덕,"434,301","421,350","77,582","73,292",2025-03-03 16:39:12
2025-02,6호선,2628,효창공원앞,"160,959","144,774","36,077","33,974",2025-03-03 16:39:12
2025-02,6호선,2629,삼각지,"182,097","165,328","19,339","16,657",2025-03-03 16:39:12
2025-02,6호선,2630,녹사평(용산구청),"117,876","122,304","16,210","15,972",2025-03-03 16:39:12
2025-02,6호선,2631,이태원,"272,188","301,518","27,952","27,971",2025-03-03 16:39:12
2025-02,6호선,2632,한강진,"250,816","293,814","15,850","15,645",2025-03-03 16:39:12
2025-02,6호선,2633,버티고개,"45,312","45,467","12,888","15,172",2025-03-03 16:39:12
2025-02,6호선,2634,약수,"80,283","79,613","19,329","19,615",2025-03-03 16:39:12
2025-02,6호선,2635,청구,"84,070","79,818","18,947","20,535",2025-03-03 16:39:12
2025-02,6호선,2636,신당,"190,028","193,533","37,294","36,613",2025-03-03 16:39:12
2025-02,6호선,2637,동묘앞,"181,835","187,801","67,114","61,002",2025-03-03 16:39:12
2025-02,6호선,2638,창신,"71,763","56,788","18,901","18,203",2025-03-03 16:39:12
2025-02,6호선,2639,보문,"183,181","168,438","31,305","29,448",2025-03-03 16:39:12
2025-02,6호선,2640,안암(고대병원앞),"269,794","269,797","37,174","36,267",2025-03-03 16:39:12
2025-02,6호선,2641,고려대(종암),"188,052","181,771","33,940","33,329",2025-03-03 16:39:12
2025-02,6호선,2642,월곡(동덕여대),"240,290","236,718","65,250","64,640",2025-03-03 16:39:12
2025-02,6호선,2643,상월곡(한국과학기술연구원),"129,149","113,248","40,040","39,233",2025-03-03 16:39:12
2025-02,6호선,2644,돌곶이,"212,448","194,989","59,885","59,610",2025-03-03 16:39:12
2025-02,6호선,2645,석계,"249,892","256,992","76,489","76,108",2025-03-03 16:39:12
2025-02,6호선,2646,태릉입구,"124,743","132,785","32,022","31,628",2025-03-03 16:39:12
2025-02,6호선,2647,화랑대(서울여대입구),"242,928","194,429","48,880","44,539",2025-03-03 16:39:12
2025-02,6호선,2648,봉화산(서울의료원),"181,456","168,191","48,229","47,784",2025-03-03 16:39:12
2025-02,6호선,2649,신내,6,0,0,0,2025-03-03 16:39:12
2025-02,7호선,2711,장암,"57,116","22,392","12,064","8,993",2025-03-03 16:39:12
2025-02,7호선,2712,도봉산,"181,979","204,983","41,651","61,420",2025-03-03 16:39:12
2025-02,7호선,2713,수락산,"239,567","234,617","95,875","97,831",2025-03-03 16:39:12
2025-02,7호선,2714,마들,"266,993","252,200","92,069","91,042",2025-03-03 16:39:12
2025-02,7호선,2715,노원,"429,835","450,799","131,810","131,348",2025-03-03 16:39:12
2025-02,7호선,2716,중계,"294,269","268,184","90,490","88,558",2025-03-03 16:39:12
2025-02,7호선,2717,하계,"373,764","349,603","112,390","108,384",2025-03-03 16:39:12
2025-02,7호선,2718,공릉(서울과학기술대),"250,496","247,814","73,228","74,225",2025-03-03 16:39:12
2025-02,7호선,2719,태릉입구,"178,191","166,758","44,026","41,862",2025-03-03 16:39:12
2025-02,7호선,2720,먹골,"209,930","208,443","66,292","67,840",2025-03-03 16:39:12
2025-02,7호선,2721,중화,"222,100","217,132","62,865","62,880",2025-03-03 16:39:12
2025-02,7호선,2722,상봉,"408,625","395,209","73,619","70,385",2025-03-03 16:39:12
2025-02,7호선,2723,면목,"297,733","281,163","93,032","95,915",2025-03-03 16:39:12
2025-02,7호선,2724,사가정,"333,647","335,587","99,084","101,042",2025-03-03 16:39:12
2025-02,7호선,2725,용마산(용마폭포공원),"118,148","113,194","33,880","36,607",2025-03-03 16:39:12
2025-02,7호선,2726,중곡,"225,804","211,994","63,620","64,512",2025-03-03 16:39:12
2025-02,7호선,2727,군자(능동),"327,383","255,738","81,567","70,181",2025-03-03 16:39:12
2025-02,7호선,2728,어린이대공원(세종대),"325,588","325,213","41,496","41,345",2025-03-03 16:39:12
2025-02,7호선,2729,건대입구,"305,936","326,447","61,646","56,975",2025-03-03 16:39:12
2025-02,7호선,2730,자양(뚝섬한강공원),"177,863","174,215","43,219","43,156",2025-03-03 16:39:12
2025-02,7호선,2731,청담,"414,976","458,181","74,870","72,047",2025-03-03 16:39:12
2025-02,7호선,2732,강남구청,"384,836","430,174","51,386","51,902",2025-03-03 16:39:12
2025-02,7호선,2733,학동,"556,223","578,720","63,835","60,433",2025-03-03 16:39:12
2025-02,7호선,2734,논현,"457,957","481,348","43,050","42,102",2025-03-03 16:39:12
2025-02,7호선,2735,반포,"136,805","129,298","37,387","35,604",2025-03-03 16:39:12
2025-02,7호선,2736,고속터미널,"421,305","330,694","73,922","67,398",2025-03-03 16:39:12
2025-02,7호선,2737,내방,"316,536","323,167","72,299","69,908",2025-03-03 16:39:12
2025-02,7호선,2738,이수,"378,291","366,657","80,818","76,866",2025-03-03 16:39:12
2025-02,7호선,2739,남성,"226,191","213,226","73,217","73,908",2025-03-03 16:39:12
2025-02,7호선,2740,숭실대입구(살피재),"255,339","257,838","60,355","62,570",2025-03-03 16:39:12
2025-02,7호선,2741,상도,"243,423","239,191","62,398","59,835",2025-03-03 16:39:12
2025-02,7호선,2742,장승배기,"187,542","179,354","64,170","64,813",2025-03-03 16:39:12
2025-02,7호선,2743,신대방삼거리,"309,290","293,967","89,763","92,600",2025-03-03 16:39:12
2025-02,7호선,2744,보라매,"150,726","158,512","30,799","31,262",2025-03-03 16:39:12
2025-02,7호선,2745,신풍,"241,574","225,793","72,728","71,550",2025-03-03 16:39:12
2025-02,7호선,2746,대림(구로구청),"203,641","207,435","45,296","44,980",2025-03-03 16:39:12
2025-02,7호선,2747,남구로,"337,358","354,005","61,013","62,055",2025-03-03 16:39:12
2025-02,7호선,2748,가산디지털단지,"1,026,940","1,027,737","92,782","87,614",2025-03-03 16:39:12
2025-02,7호선,2749,철산,"463,756","475,508","102,701","102,317",2025-03-03 16:39:12
2025-02,7호선,2750,광명사거리,"419,996","410,885","151,391","157,216",2025-03-03 16:39:12
2025-02,7호선,2751,천왕,"245,049","232,200","58,411","59,132",2025-03-03 16:39:12
2025-02,7호선,2752,온수(성공회대입구),"207,221","190,564","41,155","38,788",2025-03-03 16:39:12
2025-02,8호선,2810,암사역사공원,"130,755","112,696","29,205","28,208",2025-03-03 16:39:12
2025-02,8호선,2811,암사,"345,678","315,105","104,225","103,202",2025-03-03 16:39:12
2025-02,8호선,2812,천호(풍납토성),"382,436","445,189","98,769","98,362",2025-03-03 16:39:12
2025-02,8호선,2813,강동구청,"221,833","229,187","67,341","68,441",2025-03-03 16:39:12
2025-02,8호선,2814,몽촌토성(평화의문),"166,886","171,351","34,240","33,730",2025-03-03 16:39:12
2025-02,8호선,2815,잠실(송파구청),"450,877","530,366","84,710","82,248",2025-03-03 16:39:12
2025-02,8호선,2816,석촌,"192,866","226,475","54,921","56,346",2025-03-03 16:39:12
2025-02,8호선,2817,송파,"196,902","195,461","65,893","65,282",2025-03-03 16:39:12
2025-02,8호선,2818,가락시장,"169,371","190,260","63,962","64,916",2025-03-03 16:39:12
2025-02,8호선,2819,문정,"544,157","567,822","64,524","64,947",2025-03-03 16:39:12
2025-02,8호선,2820,장지,"391,200","357,703","84,026","79,900",2025-03-03 16:39:12
2025-02,8호선,2821,복정,"213,717","180,264","39,118","35,036",2025-03-03 16:39:12
2025-02,8호선,2822,산성,"130,946","130,504","33,398","35,930",2025-03-03 16:39:12
2025-02,8호선,2823,남한산성입구(성남법원.검찰청),"266,212","237,279","73,114","69,609",2025-03-03 16:39:12
2025-02,8호선,2824,단대오거리,"246,739","238,149","73,371","71,876",2025-03-03 16:39:12
2025-02,8호선,2825,신흥,"103,024","105,505","41,671","43,195",2025-03-03 16:39:12
2025-02,8호선,2826,수진,"107,168","97,101","44,655","43,725",2025-03-03 16:39:12
2025-02,8호선,2827,모란,"86,227","68,032","55,049","42,014",2025-03-03 16:39:12
2025-02,8호선,2828,남위례,"163,563","164,268","34,993","34,287",2025-03-03 16:39:12
2025-02,9호선,4101,개화,"56,828","37,573","10,508","8,487",2025-03-03 16:39:12
2025-02,9호선,4102,김포공항,"151,952","251,948","15,831","23,165",2025-03-03 16:39:12
2025-02,9호선,4103,공항시장,"60,915","65,469","22,642","24,432",2025-03-03 16:39:12
2025-02,9호선,4104,신방화,"143,764","140,470","45,512","45,750",2025-03-03 16:39:12
2025-02,9호선,4105,마곡나루(서울식물원),"356,342","347,848","38,726","38,280",2025-03-03 16:39:12
2025-02,9호선,4106,양천향교,"228,473","235,483","46,385","46,050",2025-03-03 16:39:12
2025-02,9호선,4107,가양,"465,793","458,600","133,547","131,897",2025-03-03 16:39:12
2025-02,9호선,4108,증미,"178,412","171,339","35,914","36,162",2025-03-03 16:39:12
2025-02,9호선,4109,등촌,"252,287","240,716","86,055","86,833",2025-03-03 16:39:12
2025-02,9호선,4110,염창,"404,080","387,203","76,031","74,019",2025-03-03 16:39:12
2025-02,9호선,4111,신목동,"95,362","83,358","24,314","23,187",2025-03-03 16:39:12
2025-02,9호선,4112,선유도,"205,475","190,120","31,761","31,049",2025-03-03 16:39:12
2025-02,9호선,4113,당산,"446,842","438,090","69,428","63,771",2025-03-03 16:39:12
2025-02,9호선,4114,국회의사당,"401,706","416,583","57,587","51,727",2025-03-03 16:39:12
2025-02,9호선,4115,여의도,"775,453","737,739","52,857","48,510",2025-03-03 16:39:12
2025-02,9호선,4116,샛강,"146,776","145,976","28,078","28,188",2025-03-03 16:39:12
2025-02,9호선,4117,노량진,"621,037","614,346","82,855","82,409",2025-03-03 16:39:12
2025-02,9호선,4118,노들,"97,774","78,852","30,725","28,846",2025-03-03 16:39:12
2025-02,9호선,4119,흑석(중앙대입구),"176,377","185,005","55,013","55,301",2025-03-03 16:39:12
2025-02,9호선,4120,동작(현충원),"35,808","30,109","10,816","9,556",2025-03-03 16:39:12
2025-02,9호선,4121,구반포,"34,526","32,570","9,451","9,228",2025-03-03 16:39:12
2025-02,9호선,4122,신반포,"88,125","84,760","26,981","27,290",2025-03-03 16:39:12
2025-02,9호선,4123,고속터미널,"355,462","500,699","66,747","79,102",2025-03-03 16:39:12
2025-02,9호선,4124,사평,"84,044","81,227","24,091","23,881",2025-03-03 16:39:12
2025-02,9호선,4125,신논현,"836,805","849,752","54,679","52,616",2025-03-03 16:39:12
2025-02,공항철도 1호선,4201,서울역,"345,733","311,233","33,833","30,569",2025-03-03 16:39:12
2025-02,공항철도 1호선,4202,공덕,"72,209","99,068","8,455","10,487",2025-03-03 16:39:12
2025-02,공항철도 1호선,4203,홍대입구,"420,150","404,023","19,138","17,710",2025-03-03 16:39:12
2025-02,공항철도 1호선,4204,디지털미디어시티,"343,468","321,102","29,259","27,720",2025-03-03 16:39:12
2025-02,공항철도 1호선,4206,마곡나루(서울식물원),"291,131","276,101","17,645","17,987",2025-03-03 16:39:12
2025-02,공항철도 1호선,4207,김포공항,"227,821","138,892","19,831","13,317",2025-03-03 16:39:12
2025-02,공항철도 1호선,4208,계양,"316,273","305,088","35,768","34,371",2025-03-03 16:39:12
2025-02,공항철도 1호선,4209,검암,"153,238","154,358","15,072","14,965",2025-03-03 16:39:12
2025-02,공항철도 1호선,4210,청라국제도시,"187,707","177,286","14,047","13,926",2025-03-03 16:39:12
2025-02,공항철도 1호선,4211,운서,"235,673","253,896","27,682","27,678",2025-03-03 16:39:12
2025-02,공항철도 1호선,4212,공항화물청사,"42,752","51,535","9,118","9,024",2025-03-03 16:39:12
2025-02,공항철도 1호선,4213,인천공항1터미널,"394,605","354,694","30,609","27,831",2025-03-03 16:39:12
2025-02,공항철도 1호선,4215,인천공항2터미널,"202,234","162,526","18,190","15,933",2025-03-03 16:39:12
2025-02,공항철도 1호선,4217,영종,"95,205","96,467","20,561","20,341",2025-03-03 16:39:12
2025-02,9호선2~3단계,4126,언주,"285,787","289,610","30,769","30,377",2025-03-03 16:39:12
2025-02,9호선2~3단계,4127,선정릉,"243,148","262,886","29,234","29,740",2025-03-03 16:39:12
2025-02,9호선2~3단계,4128,삼성중앙,"182,648","192,262","28,704","28,259",2025-03-03 16:39:12
2025-02,9호선2~3단계,4129,봉은사,"525,141","551,081","55,452","52,120",2025-03-03 16:39:12
2025-02,9호선2~3단계,4130,종합운동장,"116,220","117,486","21,174","19,948",2025-03-03 16:39:12
2025-02,9호선2~3단계,4131,삼전,"186,216","176,501","42,136","41,507",2025-03-03 16:39:12
2025-02,9호선2~3단계,4132,석촌고분,"158,480","155,306","42,248","42,324",2025-03-03 16:39:12
2025-02,9호선2~3단계,4133,석촌,"222,459","200,339","40,969","36,842",2025-03-03 16:39:12
2025-02,9호선2~3단계,4134,송파나루,"133,905","142,567","30,399","32,323",2025-03-03 16:39:12
2025-02,9호선2~3단계,4135,한성백제,"68,405","61,168","17,319","15,817",2025-03-03 16:39:12
2025-02,9호선2~3단계,4136,올림픽공원(한국체대),"205,879","208,495","30,474","30,968",2025-03-03 16:39:12
2025-02,9호선2~3단계,4137,둔촌오륜,"78,366","75,491","18,139","18,100",2025-03-03 16:39:12
2025-02,9호선2~3단계,4138,중앙보훈병원,"252,952","214,517","82,550","79,893",2025-03-03 16:39:12
2025-02,우이신설선,4701,북한산우이,"43,575","37,400","31,332","32,790",2025-03-03 16:39:12
2025-02,우이신설선,4702,솔밭공원,"42,110","37,926","27,251","27,847",2025-03-03 16:39:12
2025-02,우이신설선,4703,4.19민주묘지,"46,697","44,386","33,921","31,386",2025-03-03 16:39:12
2025-02,우이신설선,4704,가오리,"66,360","65,128","48,431","50,084",2025-03-03 16:39:12
2025-02,우이신설선,4705,화계,"52,785","48,375","45,458","45,073",2025-03-03 16:39:12
2025-02,우이신설선,4706,삼양,"34,530","35,276","27,749","30,301",2025-03-03 16:39:12
2025-02,우이신설선,4707,삼양사거리,"35,156","35,193","35,010","35,182",2025-03-03 16:39:12
2025-02,우이신설선,4708,솔샘,"119,691","109,783","39,064","40,653",2025-03-03 16:39:12
2025-02,우이신설선,4709,북한산보국문,"118,983","111,539","42,578","42,847",2025-03-03 16:39:12
2025-02,우이신설선,4710,정릉,"81,839","73,898","45,152","43,158",2025-03-03 16:39:12
2025-02,우이신설선,4711,성신여대입구(돈암),"68,754","79,372","31,549","30,341",2025-03-03 16:39:12
2025-02,우이신설선,4712,보문,"30,222","30,311","15,369","15,723",2025-03-03 16:39:12
2025-02,우이신설선,4713,신설동,"34,003","34,119","30,874","26,614",2025-03-03 16:39:12
2025-02,신림선,4401,샛강,"61,881","76,472","14,540","13,375",2025-03-03 16:39:12
2025-02,신림선,4402,대방,"63,842","51,023","18,738","15,714",2025-03-03 16:39:12
2025-02,신림선,4403,서울지방병무청,"61,205","67,354","25,820","27,777",2025-03-03 16:39:12
2025-02,신림선,4404,보라매,"91,925","82,120","24,718","22,517",2025-03-03 16:39:12
2025-02,신림선,4405,보라매공원,"42,727","46,771","16,202","17,455",2025-03-03 16:39:12
2025-02,신림선,4406,보라매병원,"156,568","164,707","55,564","54,761",2025-03-03 16:39:12
2025-02,신림선,4407,당곡,"96,127","93,991","38,080","37,868",2025-03-03 16:39:12
2025-02,신림선,4408,신림,"43,269","52,402","18,868","20,435",2025-03-03 16:39:12
2025-02,신림선,4409,서원,"72,639","63,913","24,530","23,428",2025-03-03 16:39:12
2025-02,신림선,4410,서울대벤처타운,"199,376","181,542","62,301","63,304",2025-03-03 16:39:12
2025-02,신림선,4411,관악산(서울대),"47,578","45,283","27,635","27,232",2025-03-03 16:39:12
